Species_A,/path/to/sample_data/data/Species_A/Species_A_counts.tsv,/path/to/sample_data/data/Species_A/Species_A.fasta,/path/to/sample_data/data/Species_A/bait.txt
Species_B,/path/to/sample_data/data/Species_B/Species_B_counts.tsv,/path/to/sample_data/data/Species_B/Species_B.fasta,/path/to/sample_data/data/Species_B/bait.txt
Species_C,/path/to/sample_data/data/Species_C/Species_C_counts.tsv,/path/to/sample_data/data/Species_C/Species_C.fasta,/path/to/sample_data/data/Species_C/bait.txt
Species_D,/path/to/sample_data/data/Species_D/Species_D_counts.tsv,/path/to/sample_data/data/Species_D/Species_D.fasta,/path/to/sample_data/data/Species_D/bait.txt
Species_E,/path/to/sample_data/data/Species_E/Species_E_counts.tsv,/path/to/sample_data/data/Species_E/Species_E.fasta,/path/to/sample_data/data/Species_E/bait.txt
Species_F,/path/to/sample_data/data/Species_F/Species_F_counts.tsv,/path/to/sample_data/data/Species_F/Species_F.fasta,/path/to/sample_data/data/Species_F/bait.txt
Species_G,/path/to/sample_data/data/Species_G/Species_G_counts.tsv,/path/to/sample_data/data/Species_G/Species_G.fasta,/path/to/sample_data/data/Species_G/bait.txt
Species_H,/path/to/sample_data/data/Species_H/Species_H_counts.tsv,/path/to/sample_data/data/Species_H/Species_H.fasta,/path/to/sample_data/data/Species_H/bait.txt
Species_I,/path/to/sample_data/data/Species_I/Species_I_counts.tsv,/path/to/sample_data/data/Species_I/Species_I.fasta,/path/to/sample_data/data/Species_I/bait.txt
Species_J,/path/to/sample_data/data/Species_J/Species_J_counts.tsv,/path/to/sample_data/data/Species_J/Species_J.fasta,/path/to/sample_data/data/Species_J/bait.txt
